project,package_name,dependency_type,activation_status
mozillasecurity/grizzly,certifi,Transitive,Bloated
mozillasecurity/grizzly,cryptography,Direct,Inactive
mozillasecurity/funfuzz,certifi,Transitive,Bloated
buckket/twtxt,aiohttp,Direct,Inactive
foremast/foremast,certifi,Transitive,Bloated
foremast/foremast,cryptography,Direct,Bloated
onecodex/onecodex,certifi,Transitive,Bloated
certbot/certbot,certifi,Direct,Bloated
certbot/certbot,cryptography,Direct,Inactive
certbot/certbot,configobj,Direct,Inactive
slaclab/pydm,certifi,Transitive,Bloated
dropbox/dropbox-sdk-python,cryptography,Transitive,Bloated
dropbox/dropbox-sdk-python,certifi,Transitive,Bloated
python-amazon-mws/python-amazon-mws,certifi,Transitive,Bloated
opendatacube/datacube-core,certifi,Transitive,Bloated
opendatacube/eo-datasets,certifi,Transitive,Bloated
opendatacube/datacube-explorer,certifi,Transitive,Bloated
pydanny/cached-property,py,Transitive,Bloated
pydanny/cookiecutter-django,cryptography,Transitive,Bloated
pydanny/cookiecutter-django,certifi,Transitive,Bloated
cedadev/cf-checker,certifi,Transitive,Bloated
cedadev/cis,certifi,Transitive,Bloated
dbt-labs/dbt,certifi,Transitive,Bloated
python-visualization/folium,certifi,Transitive,Bloated
instaloader/instaloader,certifi,Transitive,Bloated
googleapis/google-api-python-client,certifi,Transitive,Bloated
opentok/opentok-python-sdk,certifi,Transitive,Bloated
newrelic/newrelic-python-agent,certifi,Transitive,Bloated
aamalev/aiohttp_apiset,aiohttp,Direct,Inactive
anaconda-platform/anaconda-client,certifi,Transitive,Bloated
syncplay/syncplay,cryptography,Transitive,Inactive
syncplay/syncplay,certifi,Direct,Undefined
aschn/drf-tracking,certifi,Transitive,Bloated
pygithub/pygithub,cryptography,Transitive,Bloated
pygithub/pygithub,certifi,Transitive,Bloated
django-es/django-elasticsearch-dsl,certifi,Transitive,Bloated
sabnzbd/sabnzbd,configobj,Direct,Inactive
sabnzbd/sabnzbd,cryptography,Direct,Inactive
ctpug/wafer,certifi,Transitive,Bloated
bear/python-twitter,certifi,Transitive,Bloated
a10networks/acos-client,certifi,Transitive,Bloated
coala/coala,certifi,Transitive,Bloated
sorgerlab/indra,certifi,Transitive,Bloated
stencila/hub,certifi,Direct,Bloated
stencila/hub,aiohttp,Transitive,Bloated
globus/globus-cli,certifi,Transitive,Bloated
globus/globus-cli,cryptography,Direct,Inactive
globus/globus-sdk-python,certifi,Transitive,Bloated
globus/globus-sdk-python,cryptography,Direct,Inactive
micropyramid/django-mfa,cryptography,Transitive,Bloated
micropyramid/forex-python,certifi,Transitive,Bloated
sethblack/python-seo-analyzer,certifi,Transitive,Undefined
opennetworkingfoundation/tapi,certifi,Transitive,Bloated
polyaxon/polyaxon,certifi,Transitive,Bloated
pytroll/satpy,certifi,Transitive,Bloated
pytroll/satpy,configobj,Transitive,Inactive
pytroll/pyresample,certifi,Transitive,Bloated
pytroll/pyresample,configobj,Direct,Inactive
docnow/twarc,certifi,Transitive,Bloated
docnow/twarc,configobj,Transitive,Inactive
gns3/gns3-gui,certifi,Transitive,Bloated
gns3/gns3-server,aiohttp,Direct,Active
gns3/gns3-server,certifi,Transitive,Bloated
snowflakedb/snowflake-connector-python,certifi,Transitive,Undefined
snowflakedb/snowflake-connector-python,cryptography,Direct,Undefined
snowflakedb/snowflake-ingest-python,certifi,Transitive,Bloated
snowflakedb/snowflake-ingest-python,requests,Transitive,Inactive
snowflakedb/snowflake-ingest-python,cryptography,Transitive,Undefined
snowflakedb/snowflake-sqlalchemy,certifi,Transitive,Bloated
snowflakedb/snowflake-sqlalchemy,cryptography,Transitive,Bloated
scitools/iris-grib,certifi,Transitive,Bloated
scitools/cartopy,certifi,Transitive,Bloated
faforever/client,certifi,Transitive,Bloated
dschep/ntfy,certifi,Transitive,Bloated
akretion/roulier,certifi,Transitive,Bloated
sec-edgar/sec-edgar,certifi,Transitive,Bloated
sec-edgar/sec-edgar,aiohttp,Direct,Inactive
ckan/ckanext-harvest,certifi,Transitive,Bloated
timotheus/ebaysdk-python,certifi,Transitive,Bloated
praw-dev/praw,certifi,Transitive,Bloated
kubernetes-client/python,certifi,Direct,Undefined
ewels/multiqc,certifi,Transitive,Bloated
spatialaudio/nbsphinx,certifi,Transitive,Bloated
oauthlib/oauthlib,cryptography,Direct,Active
asana/python-asana,certifi,Direct,Bloated
chyroc/wechatsogou,certifi,Transitive,Bloated
keeper-security/commander,certifi,Transitive,Bloated
keeper-security/commander,cryptography,Direct,Inactive
lukasschwab/arxiv.py,certifi,Transitive,Bloated
jazzband/django-oauth-toolkit,certifi,Transitive,Bloated
jazzband/django-oauth-toolkit,cryptography,Transitive,Inactive
jazzband/django-payments,certifi,Transitive,Bloated
poliastro/poliastro,cryptography,Transitive,Bloated
poliastro/poliastro,certifi,Transitive,Undefined
pseudonym117/riot-watcher,certifi,Transitive,Bloated
martyzz1/heroku3.py,cryptography,Transitive,Bloated
martyzz1/heroku3.py,certifi,Transitive,Bloated
pytrip/pytripgui,cryptography,Transitive,Bloated
open2c/bioframe,certifi,Transitive,Bloated
astropy/astroquery,cryptography,Transitive,Bloated
astropy/astroquery,certifi,Transitive,Undefined
getnikola/nikola,certifi,Transitive,Bloated
containerbuildsystem/atomic-reactor,certifi,Transitive,Bloated
networktocode/pyntc,certifi,Transitive,Bloated
networktocode/pyntc,cryptography,Transitive,Bloated
maxplanck-ie/snakepipes,certifi,Transitive,Bloated
ploxiln/fab-classic,cryptography,Transitive,Bloated
kibitzr/kibitzr,certifi,Transitive,Bloated
kibitzr/kibitzr,aiohttp,Transitive,Bloated
ma1co/sony-pmca-re,certifi,Direct,Undefined
django-helpdesk/django-helpdesk,certifi,Transitive,Bloated
4dn-dcic/tibanna,certifi,Transitive,Bloated
nsacyber/walkoff,starlette,Direct,Active
nsacyber/walkoff,aiohttp,Direct,Inactive
nsacyber/walkoff,cryptography,Direct,Inactive
nsacyber/walkoff,pydantic,Direct,Inactive
nsacyber/walkoff,certifi,Direct,Undefined
kivy/kivy-ios,certifi,Transitive,Bloated
home-assistant-libs/pychromecast,certifi,Transitive,Bloated
zqfang/gseapy,certifi,Transitive,Bloated
mapbox/rasterio,certifi,Direct,Bloated
buildbot/buildbot,cryptography,Direct,Bloated
burnash/gspread,certifi,Transitive,Bloated
landlab/landlab,certifi,Transitive,Bloated
althonos/instalooter,certifi,Transitive,Bloated
yashaka/selene,certifi,Transitive,Bloated
wechatpy/wechatpy,certifi,Transitive,Bloated
liqd/a4-opin,cryptography,Transitive,Bloated
liqd/a4-opin,certifi,Transitive,Bloated
liqd/adhocracy4,cryptography,Transitive,Bloated
liqd/adhocracy4,certifi,Transitive,Bloated
snare/voltron,certifi,Transitive,Bloated
fresna/powerplantmatching,certifi,Transitive,Bloated
vmware/photon,certifi,Direct,Bloated
gwpy/gwpy,cryptography,Transitive,Bloated
gwpy/gwpy,certifi,Transitive,Undefined
meejah/txtorcon,cryptography,Direct,Inactive
bigchaindb/bigchaindb,certifi,Transitive,Bloated
bigchaindb/bigchaindb,PyYAML,Transitive,Bloated
bigchaindb/bigchaindb,urllib3,Transitive,Inactive
bigchaindb/bigchaindb,Flask-Cors,Transitive,Inactive
bigchaindb/bigchaindb,requests,Transitive,Inactive
ktbyers/netmiko,cryptography,Transitive,Bloated
openpathsampling/openpathsampling,certifi,Transitive,Bloated
pagarme/pagarme-python,certifi,Transitive,Bloated
kapsiry/sikteeri,certifi,Transitive,Bloated
approvals/approvaltests.python,certifi,Transitive,Bloated
chrismattmann/tika-python,certifi,Transitive,Bloated
moepman/acertmgr,cryptography,Direct,Inactive
scille/parsec-cloud,certifi,Transitive,Bloated
icloud-photos-downloader/icloud_photos_downloader,certifi,Transitive,Bloated
icloud-photos-downloader/icloud_photos_downloader,cryptography,Transitive,Bloated
dials/dials,certifi,Direct,Bloated
rollbar/pyrollbar,certifi,Transitive,Bloated
lektor/lektor,certifi,Transitive,Bloated
spotdl/spotify-downloader,certifi,Transitive,Bloated
serhatbolsu/robotframework-appiumlibrary,certifi,Transitive,Bloated
tilezen/vector-datasource,certifi,Transitive,Bloated
tilezen/tilequeue,certifi,Transitive,Bloated
mozilla/mozilla-django-oidc,certifi,Transitive,Bloated
mozilla/mozilla-django-oidc,cryptography,Transitive,Inactive
mozilla/pontoon,certifi,Direct,Bloated
hdfgroup/hsds,aiohttp,Transitive,Active
hdfgroup/hsds,certifi,Transitive,Bloated
hdfgroup/hsds,cryptography,Direct,Inactive
hdfgroup/h5pyd,certifi,Transitive,Bloated
hdfgroup/h5pyd,cryptography,Transitive,Bloated
jbarlow83/ocrmypdf,cryptography,Transitive,Bloated
geopython/owslib,certifi,Transitive,Bloated
geopython/pywps,certifi,Transitive,Bloated
geopython/geohealthcheck,certifi,Transitive,Bloated
geopython/geohealthcheck,OWSLib,Direct,Inactive
geopython/geohealthcheck,Werkzeug,Direct,Inactive
sphinx-gallery/sphinx-gallery,certifi,Transitive,Bloated
nexb/aboutcode-toolkit,certifi,Direct,Bloated
yandex/yandex-tank,certifi,Transitive,Bloated
yandex/yandex-tank,cryptography,Direct,Bloated
yandex/yandex-tank,grpcio,Direct,Undefined
getsentry/responses,certifi,Transitive,Bloated
hyperspy/hyperspyui,certifi,Transitive,Bloated
hyperspy/hyperspy,certifi,Transitive,Bloated
achael/eht-imaging,certifi,Transitive,Undefined
ucfopen/canvasapi,certifi,Transitive,Bloated
broadinstitute/fiss,certifi,Transitive,Bloated
sys-bio/tellurium,certifi,Transitive,Bloated
soco/soco,certifi,Transitive,Bloated
twitterdev/twitter-python-ads-sdk,certifi,Transitive,Bloated
cog-creators/red-discordbot,aiohttp,Direct,Active
projectq-framework/projectq,certifi,Transitive,Bloated
jupyter/kernel_gateway,certifi,Transitive,Bloated
jupyter/nbgrader,certifi,Transitive,Bloated
aliyun/aliyun-oss-python-sdk,certifi,Transitive,Bloated
aliyun/aliyun-oss-python-sdk,cryptography,Transitive,Bloated
whynothugo/django-mercadopago,certifi,Transitive,Bloated
armmbed/mbed-cli,certifi,Transitive,Bloated
snok/django-auth-adfs,certifi,Transitive,Bloated
snok/django-auth-adfs,cryptography,Direct,Inactive
goshippo/shippo-python-client,certifi,Transitive,Bloated
goshippo/shippo-python-client,requests,Direct,Inactive
atlassian-api/atlassian-python-api,certifi,Transitive,Bloated
picklepete/pyicloud,certifi,Transitive,Bloated
picklepete/pyicloud,cryptography,Transitive,Bloated
donnemartin/saws,configobj,Direct,Inactive
pahaz/sshtunnel,cryptography,Transitive,Bloated
scrapy/scrapy,certifi,Transitive,Bloated
scrapy/scrapy,cryptography,Direct,Inactive
scrapy/scrapyd,certifi,Transitive,Bloated
scrapy/scrapyd,cryptography,Transitive,Inactive
autopkg/autopkg,certifi,Direct,Undefined
jrnl-org/jrnl,cryptography,Direct,Inactive
archlinux/arch-security-tracker,certifi,Transitive,Bloated
archlinux/arch-security-tracker,cryptography,Transitive,Inactive
cmu-delphi/delphi-epidata,certifi,Transitive,Bloated
cmu-delphi/delphi-epidata,aiohttp,Direct,Inactive
choderalab/yank,certifi,Transitive,Bloated
choderalab/yank,cryptography,Transitive,Bloated
kenfar/datagristle,py,Transitive,Bloated
uw-hydro/rvic,certifi,Transitive,Bloated
datadog/datadogpy,certifi,Transitive,Bloated
vijos/vj4,aiohttp,Direct,Active
vijos/vj4,certifi,Transitive,Bloated
bluesky/databroker,certifi,Transitive,Undefined
translate/translate,certifi,Transitive,Bloated
pypsa/atlite,certifi,Transitive,Bloated
esgf/esgf-pyclient,certifi,Transitive,Bloated
esgf/esgf-pyclient,cryptography,Transitive,Inactive
plotly/dash,certifi,Transitive,Bloated
eoxserver/eoxserver,certifi,Transitive,Bloated
wwood/singlem,cleo,Transitive,Bloated
sumologic/sumologic-python-sdk,certifi,Transitive,Bloated
salsita/shishito,certifi,Transitive,Bloated
tchellomello/python-amcrest,certifi,Transitive,Bloated
tensorlayer/tensorlayer,certifi,Transitive,Bloated
pycontribs/jira,certifi,Transitive,Bloated
graphbrain/graphbrain,certifi,Transitive,Bloated
fabfuel/ecs-deploy,certifi,Transitive,Bloated
nschloe/meshzoo,certifi,Transitive,Bloated
nschloe/meshzoo,cryptography,Transitive,Bloated
zulko/moviepy,certifi,Transitive,Bloated
home-assistant-ecosystem/home-assistant-cli,aiohttp,Direct,Bloated
home-assistant-ecosystem/home-assistant-cli,certifi,Transitive,Bloated
home-assistant-ecosystem/python-mystrom,certifi,Transitive,Bloated
home-assistant-ecosystem/python-mystrom,aiohttp,Direct,Inactive
oemof/feedinlib,certifi,Transitive,Bloated
sassoftware/python-swat,certifi,Transitive,Undefined
bundlewrap/bundlewrap,certifi,Transitive,Bloated
bundlewrap/bundlewrap,cryptography,Direct,Inactive
wradlib/wradlib,certifi,Transitive,Bloated
ccrisan/motioneye,tornado,Direct,Inactive
taspinar/twitterscraper,certifi,Transitive,Bloated
xknx/xknx,cryptography,Direct,Inactive
morucci/repoxplorer,pycrypto,Direct,Active
morucci/repoxplorer,certifi,Transitive,Bloated
morucci/repoxplorer,cryptography,Transitive,Inactive
sunscrapers/djoser,certifi,Transitive,Bloated
sunscrapers/djoser,cryptography,Transitive,Bloated
fizzadar/pyinfra,certifi,Transitive,Bloated
fizzadar/pyinfra,cryptography,Transitive,Inactive
aws/aws-parallelcluster,certifi,Direct,Bloated
scrapy-plugins/scrapy-zyte-smartproxy,certifi,Transitive,Bloated
scrapy-plugins/scrapy-zyte-smartproxy,scrapy,Direct,Bloated
scrapy-plugins/scrapy-zyte-smartproxy,cryptography,Transitive,Bloated
cs50/help50,cryptography,Transitive,Bloated
cs50/help50,certifi,Transitive,Bloated
gandi/gandi.cli,certifi,Transitive,Bloated
staticafi/symbiotic,certifi,Transitive,Bloated
cve-search/cve-search,certifi,Transitive,Undefined
feeicn/cobra,certifi,Transitive,Bloated
flyingrub/scdl,certifi,Transitive,Bloated
django-salesforce/django-salesforce,certifi,Transitive,Bloated
spacetelescope/drizzlepac,cryptography,Transitive,Bloated
spacetelescope/drizzlepac,PyPDF2,Direct,Inactive
spacetelescope/drizzlepac,certifi,Transitive,Undefined
theqrl/qrl,PyYAML,Direct,Bloated
theqrl/qrl,certifi,Transitive,Bloated
theqrl/qrl,cryptography,Transitive,Undefined
theqrl/qrl,grpcio,Transitive,Undefined
comictagger/comictagger,certifi,Transitive,Bloated
gregreen/dustmaps,certifi,Transitive,Undefined
20c/vaping,certifi,Transitive,Bloated
20c/vaping,Werkzeug,Direct,Bloated
mopidy/mopidy-spotify,certifi,Transitive,Bloated
evonove/mkm-sdk,certifi,Transitive,Bloated
dalibo/temboard,cryptography,Direct,Inactive
zestedesavoir/zds-site,Django,Direct,Active
zestedesavoir/zds-site,aiohttp,Transitive,Bloated
zestedesavoir/zds-site,cryptography,Transitive,Bloated
zestedesavoir/zds-site,certifi,Transitive,Bloated
lyft/confidant,certifi,Transitive,Bloated
lyft/confidant,cryptography,Direct,Inactive
samuelcolvin/grablib,certifi,Transitive,Bloated
open-power/op-test,certifi,Transitive,Bloated
smartsheet-platform/smartsheet-python-sdk,certifi,Transitive,Undefined
cuthbertlab/music21,certifi,Transitive,Bloated
googlecloudplatform/perfkitbenchmarker,cryptography,Transitive,Bloated
googlecloudplatform/perfkitbenchmarker,certifi,Transitive,Bloated
googlecloudplatform/cloud-debug-python,certifi,Transitive,Bloated
googlecloudplatform/cloud-debug-python,cryptography,Transitive,Bloated
jarun/buku,cryptography,Direct,Bloated
safetyculture/safetyculture-sdk-python,certifi,Transitive,Bloated
safetyculture/safetyculture-sdk-python,cryptography,Transitive,Bloated
beeware/briefcase,certifi,Transitive,Bloated
mfussenegger/cr8,aiohttp,Direct,Inactive
tuxemon/tuxemon,certifi,Transitive,Bloated
insrapperswil/nuts,certifi,Transitive,Bloated
insrapperswil/nuts,cryptography,Transitive,Bloated
insrapperswil/nuts,py,Transitive,Bloated
datalad/datalad,certifi,Transitive,Bloated
datalad/datalad,cryptography,Transitive,Bloated
hadrieng/insilicoseq,certifi,Transitive,Bloated
mechanicalsoup/mechanicalsoup,certifi,Transitive,Bloated
k4cg/nichtparasoup,Werkzeug,Direct,Inactive
openidc/pyoidc,certifi,Transitive,Bloated
openidc/pyoidc,cryptography,Direct,Inactive
freakboy3742/pyxero,certifi,Transitive,Bloated
freakboy3742/pyxero,cryptography,Direct,Bloated
city-of-helsinki/respa,certifi,Direct,Bloated
city-of-helsinki/respa,cryptography,Direct,Inactive
learningequality/studio,Django,Direct,Active
learningequality/studio,certifi,Direct,Bloated
danielperna84/ha-philipsjs,cryptography,Direct,Inactive
danielperna84/ha-philipsjs,certifi,Transitive,Undefined
packethost/packet-python,certifi,Transitive,Bloated
osmcode/pyosmium,certifi,Transitive,Bloated
goldmann/docker-squash,certifi,Transitive,Bloated
xtrinch/fcm-django,cryptography,Transitive,Bloated
xtrinch/fcm-django,certifi,Transitive,Bloated
relekang/python-semantic-release,certifi,Transitive,Bloated
relekang/python-semantic-release,cryptography,Transitive,Bloated
plantbreeding/api,certifi,Transitive,Bloated
dmtf/python-redfish-library,certifi,Transitive,Bloated
dmtf/redfish-interface-emulator,certifi,Transitive,Bloated
redhatqe/widgetastic.core,certifi,Transitive,Bloated
redhatqe/wrapanapi,cryptography,Transitive,Inactive
redhatqe/wrapanapi,certifi,Transitive,Undefined
cokelaer/bioservices,certifi,Transitive,Bloated
napalm-automation/napalm,certifi,Transitive,Bloated
napalm-automation/napalm,cryptography,Transitive,Bloated
identitypython/pysaml2,certifi,Transitive,Bloated
identitypython/pysaml2,cryptography,Direct,Inactive
identitypython/djangosaml2,certifi,Transitive,Bloated
identitypython/djangosaml2,cryptography,Transitive,Inactive
darknessomi/musicbox,certifi,Transitive,Bloated
mvexel/overpass-api-python-wrapper,certifi,Transitive,Bloated
poppy-project/pypot,certifi,Transitive,Bloated
kalaspuff/tomodachi,aiohttp,Transitive,Active
transifex/transifex-client,certifi,Transitive,Bloated
geopandas/geopandas,certifi,Transitive,Bloated
obsidianforensics/hindsight,certifi,Transitive,Bloated
streamlink/streamlink,certifi,Direct,Undefined
sunpy/sunpy,aiohttp,Transitive,Inactive
opsdroid/opsdroid,aiohttp,Direct,Active
http-apis/hydrus,certifi,Transitive,Bloated
http-apis/hydrus,Werkzeug,Transitive,Inactive
jswhit/pygrib,certifi,Transitive,Bloated
python-gitlab/python-gitlab,certifi,Transitive,Bloated
marketsquare/robotframework-requests,certifi,Transitive,Bloated
hvac/hvac,certifi,Transitive,Bloated
metomi/rose,certifi,Transitive,Bloated
plamere/spotipy,certifi,Transitive,Bloated
pnx-si/taxhub,certifi,Transitive,Bloated
pnx-si/taxhub,cryptography,Transitive,Bloated
locustio/locust,certifi,Transitive,Bloated
darkreactions/drp,certifi,Transitive,Bloated
whaleshark-team/cobra,certifi,Transitive,Bloated
thombashi/tcconfig,certifi,Transitive,Bloated
redcap-tools/pycap,certifi,Transitive,Bloated
nandaka/pixivutil2,certifi,Direct,Undefined
hhursev/recipe-scrapers,certifi,Transitive,Bloated
jsvine/pdfplumber,cryptography,Transitive,Bloated
mikf/gallery-dl,certifi,Transitive,Bloated
pyupio/safety,certifi,Transitive,Bloated
geotab/mygeotab-python,certifi,Transitive,Bloated
geotab/mygeotab-python,aiohttp,Direct,Inactive
koalalorenzo/python-digitalocean,certifi,Transitive,Bloated
hugapi/hug,certifi,Transitive,Bloated
gocardless/gocardless-pro-python,certifi,Transitive,Bloated
pkkid/python-plexapi,certifi,Transitive,Bloated
cytomine/cytomine-python-client,certifi,Transitive,Bloated
barronh/pseudonetcdf,certifi,Transitive,Bloated
python-social-auth/social-core,certifi,Transitive,Bloated
python-social-auth/social-core,cryptography,Direct,Inactive
jrxfive/python-nomad,certifi,Transitive,Bloated
konstantinstadler/pymrio,certifi,Transitive,Bloated
unioslo/zabbix-cli,certifi,Transitive,Bloated
tableau/tabpy,certifi,Transitive,Bloated
tableau/tabpy,cryptography,Transitive,Inactive
tableau/server-client-python,certifi,Transitive,Bloated
sat-utils/sat-search,certifi,Transitive,Bloated
opencobra/cobrapy,certifi,Transitive,Undefined
jamielennox/requests-mock,certifi,Transitive,Bloated
galkan/crowbar,cryptography,Transitive,Inactive
maurosoria/dirsearch,certifi,Direct,Bloated
maurosoria/dirsearch,cryptography,Direct,Bloated
conan-io/conan-package-tools,certifi,Transitive,Bloated
conan-io/conan,certifi,Transitive,Bloated
nitmir/django-cas-server,certifi,Transitive,Bloated
searx/searx,urllib3,Transitive,Bloated
searx/searx,cryptography,Transitive,Inactive
searx/searx,PyYAML,Direct,Inactive
cowrie/cowrie,certifi,Transitive,Bloated
cowrie/cowrie,cryptography,Transitive,Inactive
certtools/intelmq,certifi,Transitive,Bloated
tethysplatform/tethys,certifi,Transitive,Bloated
dj-stripe/dj-stripe,certifi,Transitive,Bloated
pywbem/pywbem,certifi,Transitive,Bloated
leancloud/python-sdk,Werkzeug,Direct,Active
leancloud/python-sdk,certifi,Transitive,Bloated
abhishek-ram/pyas2-lib,cryptography,Transitive,Undefined
getpatchwork/patchwork,cryptography,Transitive,Bloated
dlareau/puzzlehunt_server,Django,Direct,Active
dlareau/puzzlehunt_server,certifi,Transitive,Bloated
dlareau/puzzlehunt_server,sentry-sdk,Direct,Inactive
openml/openml-python,certifi,Transitive,Undefined
jpmens/mqttwarn,certifi,Transitive,Bloated
airbnb/knowledge-repo,certifi,Transitive,Bloated
airbnb/knowledge-repo,GitPython,Direct,Inactive
airbnb/knowledge-repo,Werkzeug,Transitive,Inactive
airbnb/knowledge-repo,Pygments,Direct,Undefined
threat9/routersploit,certifi,Transitive,Bloated
threat9/routersploit,cryptography,Transitive,Inactive
juniper/py-junos-eznc,cryptography,Transitive,Bloated
juniper/jsnapy,cryptography,Transitive,Bloated
nci-gdc/gdcdictionary,certifi,Transitive,Bloated
seisman/hinetpy,certifi,Transitive,Bloated
biosustain/cameo,certifi,Transitive,Bloated
biosustain/cameo,py,Transitive,Bloated
sentinelsat/sentinelsat,certifi,Transitive,Bloated
gmplot/gmplot,certifi,Transitive,Bloated
codecov/codecov-python,certifi,Transitive,Bloated
lordfriend/albireo,certifi,Transitive,Bloated
lordfriend/albireo,cryptography,Transitive,Inactive
codalab/codalab-worksheets,requests,Transitive,Active
codalab/codalab-worksheets,Pygments,Direct,Bloated
codalab/codalab-worksheets,py,Transitive,Bloated
codalab/codalab-worksheets,cryptography,Transitive,Bloated
codalab/codalab-worksheets,aiohttp,Transitive,Bloated
codalab/codalab-worksheets,certifi,Transitive,Undefined
nasa/apod-api,certifi,Transitive,Bloated
lxc/pylxd,certifi,Transitive,Bloated
lxc/pylxd,cryptography,Direct,Inactive
mpib/lagerregal,cryptography,Transitive,Bloated
mpib/lagerregal,certifi,Transitive,Bloated
vida-nyu/reprozip,certifi,Transitive,Bloated
google/openhtf,certifi,Transitive,Bloated
google/openhtf,cryptography,Transitive,Bloated
diyan/pywinrm,certifi,Transitive,Bloated
diyan/pywinrm,cryptography,Transitive,Inactive
sage-bionetworks/synapsepythonclient,certifi,Transitive,Bloated
sage-bionetworks/synapsepythonclient,cryptography,Transitive,Bloated
planetlabs/planet-client-python,certifi,Transitive,Undefined
nrel/rdtools,certifi,Transitive,Bloated
nrel/openoa,certifi,Transitive,Bloated
docker/docker-py,requests,Direct,Active
docker/docker-py,certifi,Transitive,Bloated
docker/docker-py,cryptography,Transitive,Inactive
wger-project/wger,certifi,Transitive,Bloated
wger-project/wger,requests,Transitive,Inactive
golemhq/golem,certifi,Transitive,Bloated
mixpanel/mixpanel-python,certifi,Transitive,Bloated
django-cas-ng/django-cas-ng,certifi,Transitive,Bloated
cookiecutter/cookiecutter,certifi,Transitive,Bloated
eliasgranderubio/dagda,requests,Direct,Active
eliasgranderubio/dagda,waitress,Direct,Inactive
eliasgranderubio/dagda,joblib,Direct,Inactive
eliasgranderubio/dagda,certifi,Transitive,Undefined
gluster/gstatus,cryptography,Transitive,Bloated
mapillary/mapillary_tools,certifi,Transitive,Undefined
sasview/sasview,cryptography,Transitive,Bloated
regionmask/regionmask,certifi,Transitive,Bloated
scrapinghub/python-scrapinghub,certifi,Transitive,Bloated
scrapinghub/shub,certifi,Transitive,Bloated
yelp/pgctl,py,Direct,Inactive
cuemacro/findatapy,certifi,Transitive,Bloated
cuemacro/findatapy,aiohttp,Transitive,Bloated
cuemacro/findatapy,cryptography,Transitive,Bloated
holoviz/datashader,certifi,Transitive,Bloated
holoviz/holoviews,certifi,Transitive,Bloated
holoviz/geoviews,certifi,Transitive,Bloated
oca/l10n-switzerland,certifi,Transitive,Undefined
kovacsbalu/wazeroutecalculator,certifi,Transitive,Bloated
johnmaguire/cardinal,requests,Direct,Bloated
johnmaguire/cardinal,cryptography,Transitive,Bloated
johnmaguire/cardinal,certifi,Transitive,Bloated
edx/auth-backends,certifi,Transitive,Bloated
edx/auth-backends,cryptography,Transitive,Bloated
edx/repo-tools,certifi,Transitive,Bloated
edx/edx-drf-extensions,certifi,Transitive,Bloated
edx/edx-drf-extensions,cryptography,Transitive,Bloated
edx/xblock-lti-consumer,certifi,Transitive,Bloated
edx/edx-proctoring,certifi,Transitive,Bloated
edx/edx-proctoring,cryptography,Transitive,Inactive
edx/edx-enterprise,certifi,Transitive,Bloated
edx/edx-enterprise,cryptography,Direct,Bloated
edx/edx-search,certifi,Transitive,Bloated
minio/minio-py,certifi,Direct,Undefined
elastic/rally,cryptography,Transitive,Bloated
elastic/rally,certifi,Direct,Undefined
elastic/elasticsearch-py,certifi,Transitive,Bloated
eternnoir/pytelegrambotapi,certifi,Transitive,Undefined
nvbn/thefuck,cryptography,Transitive,Bloated
nvbn/thefuck,certifi,Transitive,Bloated
mwclient/mwclient,certifi,Transitive,Bloated
rdmorganiser/rdmo,certifi,Transitive,Bloated
rdmorganiser/rdmo,cryptography,Transitive,Bloated
rdmorganiser/rdmo,py,Transitive,Bloated
lbl-anp/becquerel,certifi,Transitive,Bloated
punch-cyber/stoq,certifi,Transitive,Bloated
mitmproxy/mitmproxy,certifi,Direct,Undefined
mitmproxy/mitmproxy,cryptography,Direct,Undefined
stripe/stripe-python,certifi,Transitive,Bloated
iconfinder/pyvat,certifi,Transitive,Bloated
infoportugal/wagtail-modeltranslation,certifi,Transitive,Bloated
voxpupuli/puppetboard,certifi,Transitive,Bloated
voxpupuli/puppetboard,requests,Transitive,Inactive
voxpupuli/pypuppetdb,certifi,Transitive,Bloated
metaodi/osmapi,certifi,Transitive,Bloated
vonage/vonage-python-sdk,certifi,Transitive,Bloated
vonage/vonage-python-sdk,cryptography,Transitive,Bloated
xml-security/signxml,cryptography,Direct,Inactive
xml-security/signxml,certifi,Direct,Undefined
python273/vk_api,certifi,Transitive,Bloated
sergeypirogov/webdriver_manager,certifi,Transitive,Bloated
gallopsled/pwntools,certifi,Transitive,Bloated
gallopsled/pwntools,cryptography,Transitive,Bloated
chaoss/grimoirelab-perceval,cryptography,Direct,Bloated
chaoss/grimoirelab-perceval,certifi,Transitive,Bloated
plivo/sharq-server,gunicorn,Direct,Inactive
plivo/sharq-server,Werkzeug,Direct,Inactive
s4w3d0ff/python-poloniex,certifi,Transitive,Bloated
dov-vlaanderen/pydov,certifi,Transitive,Bloated
appium/python-client,certifi,Transitive,Bloated
pysmo/aimbat,certifi,Transitive,Bloated
zerodha/pykiteconnect,certifi,Transitive,Bloated
zerodha/pykiteconnect,autobahn,Direct,Inactive
zerodha/pykiteconnect,cryptography,Transitive,Inactive
edcd/edmarketconnector,requests,Direct,Active
edcd/edmarketconnector,certifi,Transitive,Bloated
jamesoff/simplemonitor,certifi,Transitive,Bloated
jamesoff/simplemonitor,cryptography,Transitive,Bloated
napalm-automation-community/napalm-panos,certifi,Transitive,Bloated
napalm-automation-community/napalm-panos,lxml,Transitive,Bloated
napalm-automation-community/napalm-panos,cryptography,Direct,Bloated
ankitects/anki,certifi,Direct,Bloated
bingads/bingads-python-sdk,certifi,Transitive,Bloated
nchammas/flintrock,cryptography,Direct,Bloated
bigcommerce/bigcommerce-api-python,certifi,Transitive,Bloated
bigcommerce/bigcommerce-api-python,requests,Direct,Inactive
getpopper/popper,certifi,Transitive,Bloated
getpopper/popper,GitPython,Direct,Inactive
moogar0880/pytrakt,certifi,Transitive,Bloated
chebpy/chebpy,py,Transitive,Bloated
insarlab/mintpy,certifi,Transitive,Bloated
insarlab/mintpy,configobj,Transitive,Bloated
oasis-open/cti-stix-validator,certifi,Transitive,Bloated
arm-doe/pyart,aiohttp,Transitive,Bloated
arm-doe/pyart,certifi,Transitive,Bloated
allankp/pytest-testrail,certifi,Transitive,Bloated
glotaran/pyglotaran,certifi,Transitive,Bloated
wind-python/windpowerlib,certifi,Transitive,Bloated
softlayer/softlayer-python,certifi,Transitive,Bloated
galaxyproject/bioblend,certifi,Transitive,Bloated
galaxyproject/bioblend,aiohttp,Transitive,Bloated
galaxyproject/planemo,aiohttp,Transitive,Bloated
galaxyproject/planemo,certifi,Transitive,Bloated
pboardman/4scanner,certifi,Transitive,Bloated
dominodatalab/python-domino,certifi,Transitive,Undefined
stellarcn/py-stellar-base,certifi,Transitive,Bloated
stellarcn/py-stellar-base,aiohttp,Direct,Inactive
mjg59/python-broadlink,cryptography,Direct,Undefined
fffonion/xehentai,certifi,Transitive,Bloated
robotika/osgar,requests,Transitive,Active
robotika/osgar,certifi,Transitive,Bloated
panoptes/pocs,certifi,Transitive,Bloated
nabla-c0d3/sslyze,cryptography,Direct,Undefined
lucyparsons/openoversight,cryptography,Transitive,Active
lucyparsons/openoversight,certifi,Transitive,Bloated
yubico/yubikey-manager,cryptography,Direct,Inactive
juanifioren/django-oidc-provider,certifi,Transitive,Bloated
zalando-stups/pierone-cli,certifi,Transitive,Bloated
transtats/transtats,certifi,Transitive,Bloated
transtats/transtats,cryptography,Transitive,Bloated
divio/divio-cli,certifi,Transitive,Bloated
librosa/librosa,certifi,Transitive,Bloated
espressif/esptool,cryptography,Direct,Inactive
lablup/backend.ai-manager,aiohttp,Transitive,Active
lablup/backend.ai-manager,cryptography,Direct,Inactive
securityinnovation/pgpy,cryptography,Direct,Inactive
caktus/aws-web-stacks,certifi,Transitive,Bloated
cartodb/carto-python,certifi,Transitive,Bloated
pndurette/gtts,certifi,Transitive,Bloated
musculoskeletalatlasproject/mapclient,certifi,Transitive,Bloated
radical-cybertools/radical.entk,certifi,Transitive,Bloated
erdc/rapidpy,certifi,Transitive,Bloated
wagtail/wagtailtrans,certifi,Transitive,Bloated
wagtail/wagtailtrans,wagtail,Direct,Inactive
wagtail/wagtail,certifi,Transitive,Bloated
onaio/onadata,certifi,Transitive,Bloated
onaio/onadata,cryptography,Direct,Inactive
stamusnetworks/scirius,certifi,Transitive,Bloated
yeatmanlab/pyafq,certifi,Transitive,Bloated
missionpinball/mpf-mc,certifi,Transitive,Bloated
missionpinball/mpf-mc,Pygments,Transitive,Undefined
aio-libs/aiobotocore,aiohttp,Direct,Inactive
aio-libs/sockjs,aiohttp,Direct,Active
aio-libs/aiodocker,aiohttp,Direct,Inactive
aio-libs/aiohttp-session,aiohttp,Direct,Active
aio-libs/aiohttp-sse,aiohttp,Direct,Inactive
aio-libs/aiohttp-devtools,aiohttp,Direct,Active
geoscienceaustralia/eo-datasets,certifi,Transitive,Bloated
georgetown-ir-lab/quickumls,certifi,Transitive,Bloated
log2timeline/plaso,certifi,Direct,Bloated
log2timeline/plaso,cryptography,Direct,Bloated
log2timeline/dfvfs,cryptography,Direct,Inactive
qcodes/qcodes,certifi,Transitive,Bloated
qcodes/qcodes,cryptography,Transitive,Bloated
moonso/genmod,configobj,Direct,Inactive
sharppy/sharppy,certifi,Transitive,Undefined
farrokhi/dnsdiag,certifi,Transitive,Bloated
wheatoncs/lexos,certifi,Transitive,Bloated
wheatoncs/lexos,cryptography,Transitive,Bloated
nordicsemiconductor/pc-ble-driver-py,cryptography,Direct,Inactive
nordicsemiconductor/pc-nrfutil,cryptography,Transitive,Bloated
frictionlessdata/frictionless-py,certifi,Transitive,Bloated
frictionlessdata/datapackage-py,certifi,Transitive,Bloated
f5networks/f5-common-python,certifi,Transitive,Bloated
f5networks/f5-openstack-agent,certifi,Transitive,Bloated
optimizely/python-sdk,certifi,Transitive,Bloated
optimizely/python-sdk,cryptography,Transitive,Bloated
okpy/ok-client,requests,Direct,Active
okpy/ok-client,cryptography,Transitive,Bloated
okpy/ok-client,certifi,Transitive,Bloated
alessandroz/lazagne,cryptography,Transitive,Bloated
aws-quickstart/taskcat,certifi,Transitive,Bloated
fishtown-analytics/dbt,certifi,Transitive,Bloated
playpauseandstop/rororo,aiohttp,Direct,Inactive
hyphaapp/hypha,certifi,Transitive,Bloated
mozilla-services/kinto-dist,certifi,Transitive,Bloated
torchbox/wagtailmedia,certifi,Transitive,Bloated
httpie/http-prompt,certifi,Transitive,Bloated
httpie/httpie,certifi,Transitive,Bloated
spyder-ide/spyder-notebook,certifi,Transitive,Bloated
spyder-ide/spyder-notebook,cryptography,Transitive,Bloated
auhau/toggl-cli,certifi,Transitive,Bloated
zalando/connexion,certifi,Transitive,Bloated
altschool/dynamic-rest,certifi,Transitive,Bloated
pimutils/khal,configobj,Direct,Inactive
auth0/auth0-python,certifi,Transitive,Bloated
auth0/auth0-python,cryptography,Transitive,Inactive
unidata/siphon,certifi,Transitive,Bloated
unidata/metpy,certifi,Transitive,Bloated
epistasislab/tpot,certifi,Transitive,Bloated
jupyter-incubator/sparkmagic,certifi,Transitive,Bloated
jupyter-incubator/sparkmagic,cryptography,Transitive,Bloated
byt3bl33d3r/crackmapexec,certifi,Transitive,Bloated
byt3bl33d3r/crackmapexec,cryptography,Transitive,Inactive
mailpile/mailpile,cryptography,Direct,Inactive
twisted/axiom,cryptography,Transitive,Bloated
twisted/treq,certifi,Transitive,Bloated
twisted/treq,cryptography,Transitive,Bloated
dictation-toolbox/caster,certifi,Transitive,Bloated
grow/grow,requests,Direct,Bloated
grow/grow,GitPython,Direct,Inactive
grow/grow,Werkzeug,Direct,Inactive
grow/grow,Pygments,Direct,Undefined
cloudant/python-cloudant,certifi,Transitive,Bloated
counterpartyxcp/counterblock,certifi,Transitive,Bloated
counterpartyxcp/counterblock,py,Transitive,Bloated
counterpartyxcp/counterblock,configobj,Direct,Undefined
undergreen/ansible-role-mongodb,certifi,Transitive,Bloated
undergreen/ansible-role-mongodb,cryptography,Transitive,Bloated
vanheeringen-lab/gimmemotifs,certifi,Transitive,Bloated
vanheeringen-lab/genomepy,certifi,Transitive,Bloated
instana/python-sensor,certifi,Direct,Bloated
qiniu/python-sdk,certifi,Transitive,Bloated
bird-house/flyingpigeon,certifi,Transitive,Bloated
ably/ably-python,certifi,Transitive,Undefined
furlongm/patchman,certifi,Transitive,Bloated
furlongm/patchman,requests,Direct,Inactive
furlongm/patchman,lxml,Direct,Undefined
tuw-geo/ascat,certifi,Transitive,Bloated
rallytools/rallyresttoolkitforpython,certifi,Transitive,Bloated
kklmn/xrt,certifi,Transitive,Bloated
alisw/alibuild,certifi,Transitive,Bloated
offu/werobot,certifi,Transitive,Bloated
wikimedia/revscoring,certifi,Transitive,Bloated
wikimedia/revscoring,aiohttp,Transitive,Bloated
ledatelescope/bifrost,certifi,Transitive,Bloated
ledatelescope/bifrost,cryptography,Transitive,Bloated
robotframework/sshlibrary,cryptography,Transitive,Bloated
robotframework/seleniumlibrary,certifi,Transitive,Bloated
stevenblack/hosts,certifi,Transitive,Bloated
python-telegram-bot/python-telegram-bot,certifi,Transitive,Undefined
lneuhaus/pyrpl,cryptography,Transitive,Bloated
rmcgibbo/sphinxcontrib-autodoc_doxygen,certifi,Transitive,Bloated
easypost/easypost-python,certifi,Transitive,Bloated
fedora-infra/anitya,certifi,Transitive,Bloated
fedora-infra/anitya,cryptography,Transitive,Bloated
fedora-infra/the-new-hotness,certifi,Transitive,Bloated
fedora-infra/the-new-hotness,cryptography,Transitive,Bloated
jupyterhub/batchspawner,cryptography,Transitive,Bloated
jupyterhub/batchspawner,certifi,Transitive,Bloated
inmanta/inmanta-core,certifi,Transitive,Bloated
inmanta/inmanta-core,cryptography,Direct,Inactive
pslmodels/tax-calculator,certifi,Transitive,Bloated
pslmodels/og-core,certifi,Transitive,Bloated
lowerquality/gentle,cryptography,Transitive,Bloated
googleads/googleads-python-lib,certifi,Transitive,Bloated
naomiproject/naomi,certifi,Transitive,Bloated
tardis-sn/tardis,certifi,Direct,Bloated
piqueserver/piqueserver,aiohttp,Direct,Active
piqueserver/piqueserver,cryptography,Transitive,Inactive
googlefonts/pyfontaine,certifi,Transitive,Bloated
thetisproject/thetis,certifi,Transitive,Bloated
razorpay/razorpay-python,certifi,Transitive,Bloated
brickschema/brick,certifi,Transitive,Bloated
econforge/dolo.py,certifi,Transitive,Bloated
matrix-org/matrix-python-sdk,certifi,Transitive,Bloated
matrix-org/synapse,certifi,Transitive,Bloated
matrix-org/synapse,aiohttp,Transitive,Bloated
matrix-org/synapse,cryptography,Transitive,Undefined
dallinger/dallinger,certifi,Transitive,Bloated
dallinger/dallinger,cryptography,Transitive,Bloated
iqtlabs/poseidon,certifi,Direct,Bloated
iqtlabs/poseidon,cryptography,Direct,Bloated
matlink/gplaycli,certifi,Transitive,Bloated
matlink/gplaycli,cryptography,Transitive,Inactive
georgemarshall/django-cryptography,cryptography,Direct,Inactive
modoboa/modoboa,cryptography,Direct,Inactive
pipoline/rocket-python,certifi,Transitive,Bloated
archesproject/arches,certifi,Transitive,Bloated
archesproject/arches,cryptography,Transitive,Bloated
archesproject/arches,Django,Direct,Inactive
simple-salesforce/simple-salesforce,certifi,Transitive,Bloated
simple-salesforce/simple-salesforce,cryptography,Direct,Bloated
uploadcare/pyuploadcare,certifi,Transitive,Undefined
tribler/tribler,certifi,Transitive,Bloated
tribler/tribler,cryptography,Direct,Undefined
cta-observatory/ctapipe,certifi,Transitive,Undefined
alex-rudakov/sphinx-argparse,certifi,Transitive,Bloated
pybel/pybel,certifi,Transitive,Bloated
ahmadfaizalbh/chatbot,certifi,Transitive,Bloated
jjjake/internetarchive,certifi,Transitive,Bloated
infobyte/faraday,certifi,Transitive,Bloated
infobyte/faraday,py,Transitive,Bloated
pylast/pylast,certifi,Transitive,Undefined
common-workflow-language/cwltool,certifi,Transitive,Bloated
common-workflow-language/cwltest,certifi,Transitive,Bloated
common-workflow-language/schema_salad,certifi,Transitive,Bloated
sdss/marvin,Werkzeug,Transitive,Inactive
sdss/marvin,certifi,Transitive,Undefined
okigan/awscurl,certifi,Transitive,Bloated
okigan/awscurl,cryptography,Transitive,Bloated
turbo87/utm,py,Transitive,Bloated
opendronemap/odm,certifi,Transitive,Bloated
opendronemap/odm,cryptography,Transitive,Bloated
zach-taylor/splunk_handler,certifi,Transitive,Bloated
browniebroke/deezer-python,certifi,Transitive,Bloated
pv8/noipy,certifi,Transitive,Bloated
zhmcclient/python-zhmcclient,certifi,Transitive,Bloated
gridsync/gridsync,cryptography,Transitive,Bloated
gridsync/gridsync,certifi,Direct,Undefined
mroberge/hydrofunctions,certifi,Transitive,Bloated
fpgawars/apio,certifi,Transitive,Bloated
fpgawars/apio,requests,Direct,Inactive
altdesktop/i3ipc-python,certifi,Transitive,Bloated
googlemaps/google-maps-services-python,certifi,Transitive,Bloated
thenetcircle/dino,certifi,Transitive,Bloated
ndokter/dsmr_parser,cryptography,Transitive,Bloated
yeti-platform/yeti,aiohttp,Direct,Bloated
uberi/speech_recognition,certifi,Transitive,Bloated
deniscarriere/geocoder,certifi,Transitive,Bloated
kinto/kinto-signer,certifi,Transitive,Bloated
kinto/kinto,certifi,Transitive,Bloated
svenevs/exhale,certifi,Transitive,Bloated
fleet-commander/fc-client,aiohttp,Transitive,Bloated
fleet-commander/fc-client,requests,Transitive,Bloated
fleet-commander/fc-client,certifi,Transitive,Bloated
fleet-commander/fc-client,cryptography,Transitive,Bloated
maxmind/geoip2-python,certifi,Transitive,Bloated
maxmind/geoip2-python,aiohttp,Direct,Inactive
algolia/algoliasearch-client-python,certifi,Transitive,Bloated
algolia/algoliasearch-django,certifi,Transitive,Bloated
radish-bdd/radish,certifi,Transitive,Bloated
pysat/pysat,certifi,Transitive,Bloated
ultimaker/uranium,requests,Transitive,Bloated
ultimaker/uranium,urllib3,Transitive,Bloated
ultimaker/uranium,certifi,Transitive,Bloated
getslash/backslash,certifi,Direct,Bloated
namaggarwal/splitwise,certifi,Transitive,Bloated
signalfx/signalfx-python,certifi,Direct,Bloated
thekevjames/coveralls-python,certifi,Transitive,Bloated
closeio/tasktiger,redis,Direct,Inactive
oggm/oggm,certifi,Transitive,Bloated
oggm/oggm,configobj,Direct,Inactive
mendix/cf-mendix-buildpack,requests,Direct,Inactive
mendix/cf-mendix-buildpack,cryptography,Direct,Undefined
mendix/cf-mendix-buildpack,certifi,Direct,Undefined
ojarva/python-sshpubkeys,cryptography,Direct,Undefined
getstream/stream-django,aiohttp,Transitive,Bloated
getstream/stream-django,certifi,Transitive,Bloated
jonathonreinhart/scuba,certifi,Transitive,Bloated
miserlou/zappa,certifi,Direct,Bloated
christabor/flask_jsondash,Werkzeug,Transitive,Inactive
the-useless-one/pywerview,cryptography,Transitive,Inactive
cloudinary/pycloudinary,certifi,Direct,Undefined
pnuckowski/aioresponses,aiohttp,Direct,Inactive
jpush/jpush-api-python-client,certifi,Transitive,Bloated
peopledoc/django-agnocomplete,certifi,Transitive,Bloated
sdispater/orator,cleo,Direct,Active
pdfminer/pdfminer.six,cryptography,Direct,Inactive
sulab/wikidataintegrator,certifi,Transitive,Bloated
cubewise-code/tm1py,certifi,Transitive,Bloated
alerta/alerta,certifi,Transitive,Bloated
pycqa/isort,certifi,Transitive,Bloated
pydata/pandas-datareader,certifi,Transitive,Bloated
